[
  {
    "Detail": {
      "Name": "User",
      "Description": null,
      "Ignored": false,
      "TitleColumn": "Name",
      "Schema": null,
      "ConnectionType": 0,
      "ConnectionName": null,
      "BaseProject": null,
      "BaseTable": null
    },
    "Columns": [
      {
        "Name": "Id",
        "Description": null,
        "DataType": 2,
        "Required": true,
        "IsAutoIncrement": true,
        "EnumName": null,
        "DefaultValue": null,
        "Precision": 10,
        "Scale": 2,
        "Length": 50,
        "ShortName": null,
        "Hash": "4204f004bcd14297a6b0b7449098717f"
      },
      {
        "Name": "Name",
        "Description": null,
        "DataType": 10,
        "Required": true,
        "IsAutoIncrement": false,
        "EnumName": null,
        "DefaultValue": null,
        "Precision": 10,
        "Scale": 2,
        "Length": 150,
        "ShortName": null,
        "Hash": "dd9e4a3a087e42efab0f22f4929744b0"
      },
      {
        "Name": "Email",
        "Description": null,
        "DataType": 10,
        "Required": false,
        "IsAutoIncrement": false,
        "EnumName": null,
        "DefaultValue": null,
        "Precision": 10,
        "Scale": 2,
        "Length": 200,
        "ShortName": null,
        "Hash": "23ea9c0b743d4305be347dae93419d83"
      },
      {
        "Name": "PasswordHash",
        "Description": null,
        "DataType": 10,
        "Required": true,
        "IsAutoIncrement": false,
        "EnumName": null,
        "DefaultValue": null,
        "Precision": 10,
        "Scale": 2,
        "Length": 200,
        "ShortName": null,
        "Hash": "0da38199be8547c28e2457a469b15c7d"
      },
      {
        "Name": "EmailConfirmed",
        "Description": null,
        "DataType": 4,
        "Required": true,
        "IsAutoIncrement": false,
        "EnumName": null,
        "DefaultValue": null,
        "Precision": 10,
        "Scale": 2,
        "Length": 50,
        "ShortName": null,
        "Hash": "234a46929ff74cdeb5581ada45835810"
      },
      {
        "Name": "LockoutEndDateUtc",
        "Description": null,
        "DataType": 7,
        "Required": false,
        "IsAutoIncrement": false,
        "EnumName": null,
        "DefaultValue": null,
        "Precision": 10,
        "Scale": 2,
        "Length": 50,
        "ShortName": null,
        "Hash": "a4639ee1da0d449eb0d8b980227fb68f"
      },
      {
        "Name": "AccessFailedCount",
        "Description": null,
        "DataType": 2,
        "Required": true,
        "IsAutoIncrement": false,
        "EnumName": null,
        "DefaultValue": null,
        "Precision": 10,
        "Scale": 2,
        "Length": 50,
        "ShortName": null,
        "Hash": "d387a2473973423a9536dffee271a005"
      },
      {
        "Name": "Status",
        "Description": null,
        "DataType": 0,
        "Required": true,
        "IsAutoIncrement": false,
        "EnumName": "Status",
        "DefaultValue": null,
        "Precision": 10,
        "Scale": 2,
        "Length": 50,
        "ShortName": null,
        "Hash": "4154a20f77664d51bbcb2368bf8a54b6"
      }
    ],
    "Indices": [
      {
        "Name": "PK_User_Id",
        "IsPrimaryKey": true,
        "IsUnique": false,
        "Columns": [
          {
            "ColumnName": "Id",
            "Sort": 0,
            "Hash": "6d0e49f5d8104343be36a0430f6dc091"
          }
        ],
        "Hash": "cd92af8bea9d49bbaf508d804a8d54fa"
      },
      {
        "Name": "Index_637091901918189663",
        "IsPrimaryKey": false,
        "IsUnique": true,
        "Columns": [
          {
            "ColumnName": "Email",
            "Sort": 0,
            "Hash": "f4da871c843e46b2a74a4c74ed8c2490"
          }
        ],
        "Hash": "f68acfa21c3e4c79938bc973b6b219de"
      }
    ],
    "Relations": [],
    "SearchItems": [
      {
        "Description": null,
        "IsExportable": true,
        "IsEditable": true,
        "IsCreateable": true,
        "IsDeleteable": false,
        "HasDetail": true,
        "RepositoryMethod": "Search",
        "HideMenu": false,
        "AllColumns": [
          {
            "Name": "Id",
            "Label": null,
            "EnumName": null,
            "DisplayInDetail": true,
            "DisplayInEdit": true,
            "DisplayInCreate": true,
            "EditComponent": null,
            "CreateComponent": null,
            "DetailComponent": null,
            "Reference": {
              "Route": null,
              "FilterField": null,
              "DataField": null
            }
          },
          {
            "Name": "Name",
            "Label": null,
            "EnumName": null,
            "DisplayInDetail": true,
            "DisplayInEdit": true,
            "DisplayInCreate": true,
            "EditComponent": null,
            "CreateComponent": null,
            "DetailComponent": null,
            "Reference": {
              "Route": null,
              "FilterField": null,
              "DataField": null
            }
          },
          {
            "Name": "Email",
            "Label": null,
            "EnumName": null,
            "DisplayInDetail": true,
            "DisplayInEdit": true,
            "DisplayInCreate": true,
            "EditComponent": null,
            "CreateComponent": null,
            "DetailComponent": null,
            "Reference": {
              "Route": null,
              "FilterField": null,
              "DataField": null
            }
          },
          {
            "Name": "PasswordHash",
            "Label": null,
            "EnumName": null,
            "DisplayInDetail": true,
            "DisplayInEdit": true,
            "DisplayInCreate": true,
            "EditComponent": null,
            "CreateComponent": null,
            "DetailComponent": null,
            "Reference": {
              "Route": null,
              "FilterField": null,
              "DataField": null
            }
          },
          {
            "Name": "EmailConfirmed",
            "Label": null,
            "EnumName": null,
            "DisplayInDetail": true,
            "DisplayInEdit": true,
            "DisplayInCreate": true,
            "EditComponent": null,
            "CreateComponent": null,
            "DetailComponent": null,
            "Reference": {
              "Route": null,
              "FilterField": null,
              "DataField": null
            }
          },
          {
            "Name": "LockoutEndDateUtc",
            "Label": null,
            "EnumName": null,
            "DisplayInDetail": true,
            "DisplayInEdit": true,
            "DisplayInCreate": true,
            "EditComponent": null,
            "CreateComponent": null,
            "DetailComponent": null,
            "Reference": {
              "Route": null,
              "FilterField": null,
              "DataField": null
            }
          },
          {
            "Name": "AccessFailedCount",
            "Label": null,
            "EnumName": null,
            "DisplayInDetail": true,
            "DisplayInEdit": true,
            "DisplayInCreate": true,
            "EditComponent": null,
            "CreateComponent": null,
            "DetailComponent": null,
            "Reference": {
              "Route": null,
              "FilterField": null,
              "DataField": null
            }
          },
          {
            "Name": "Status",
            "Label": null,
            "EnumName": null,
            "DisplayInDetail": true,
            "DisplayInEdit": true,
            "DisplayInCreate": true,
            "EditComponent": null,
            "CreateComponent": null,
            "DetailComponent": null,
            "Reference": {
              "Route": null,
              "FilterField": null,
              "DataField": null
            }
          }
        ],
        "Columns": [
          {
            "ColumnName": "Id",
            "Sign": 0,
            "Title": null,
            "Display": 0,
            "SkipForJs": false,
            "AlwaysOn": false,
            "Component": null
          },
          {
            "ColumnName": "Name",
            "Sign": 1,
            "Title": null,
            "Display": 0,
            "SkipForJs": false,
            "AlwaysOn": false,
            "Component": null
          },
          {
            "ColumnName": "Email",
            "Sign": 1,
            "Title": null,
            "Display": 0,
            "SkipForJs": false,
            "AlwaysOn": false,
            "Component": null
          },
          {
            "ColumnName": "EmailConfirmed",
            "Sign": 0,
            "Title": null,
            "Display": 0,
            "SkipForJs": false,
            "AlwaysOn": false,
            "Component": null
          },
          {
            "ColumnName": "Status",
            "Sign": 0,
            "Title": null,
            "Display": 0,
            "SkipForJs": false,
            "AlwaysOn": false,
            "Component": null
          }
        ],
        "DisplayedColumns": [
          {
            "ColumnName": "Id",
            "Title": null,
            "RelationColumnName": null,
            "SkipForJs": false,
            "Component": null
          },
          {
            "ColumnName": "Name",
            "Title": null,
            "RelationColumnName": null,
            "SkipForJs": false,
            "Component": null
          },
          {
            "ColumnName": "Email",
            "Title": null,
            "RelationColumnName": null,
            "SkipForJs": false,
            "Component": null
          },
          {
            "ColumnName": "EmailConfirmed",
            "Title": null,
            "RelationColumnName": null,
            "SkipForJs": false,
            "Component": null
          },
          {
            "ColumnName": "Status",
            "Title": null,
            "RelationColumnName": null,
            "SkipForJs": false,
            "Component": null
          }
        ],
        "Menu": null,
        "MenuOrder": 0
      }
    ],
    "Hash": "68e12f1944104f7db710c42adb3dc633"
  }
]