{
  "EnumList": [
    {
      "Name": "AdminRoleAction",
      "EnumType": 0,
      "Items": [
        {
          "Name": "Allow",
          "Description": null,
          "Value": 1,
          "Hash": "5045dd3e1e4640e1aa5c18a21c25ed72"
        },
        {
          "Name": "Block",
          "Description": null,
          "Value": 2,
          "Hash": "ed51f8f0bdf54525b145d8effb9ad71f"
        }
      ],
      "Hash": "050c59e413d148c8881ab4d56871e0b1"
    },
    {
      "Name": "AdminUserTheme",
      "EnumType": 0,
      "Items": [
        {
          "Name": "Light",
          "Description": null,
          "Value": 1,
          "Hash": "8e5f1fcc3b4f411db18cbfb766e4f618"
        },
        {
          "Name": "Dark",
          "Description": null,
          "Value": 2,
          "Hash": "af9dfe8d16be43f59ac5b6c0c915d2db"
        }
      ],
      "Hash": "8468676d48084698bd3be29bf08831f9"
    }
  ],
  "Hash": "178751c6d678418c83a1878587d7aa92"
}