{
  "ReRoutes": [
    {
      "DownstreamPathTemplate": "/{everything}",
      "DownstreamScheme": "http",
      "DownstreamHostAndPorts": [
        {
          "Host": "coretemplate.application.api",
          "Port": 80
        }
      ],
      "UpstreamPathTemplate": "/api/all/{everything}",
      "UpstreamHttpMethod": [ "POST", "PUT", "GET" ]
    },
    {
      "DownstreamPathTemplate": "/{everything}",
      "DownstreamScheme": "http",
      "DownstreamHostAndPorts": [
        {
          "Host": "coretemplate.moduleadmin.api",
          "Port": 80
        }
      ],
      "UpstreamPathTemplate": "/api/admin/{everything}",
      "UpstreamHttpMethod": [ "POST", "PUT", "GET" ]
    },
    {
      "DownstreamPathTemplate": "/{everything}",
      "DownstreamScheme": "http",
      "DownstreamHostAndPorts": [
        {
          "Host": "coretemplate.moduleaccount.api",
          "Port": 80
        }
      ],
      "UpstreamPathTemplate": "/api/account/{everything}",
      "UpstreamHttpMethod": [ "POST", "PUT", "GET" ]
    }
  ],
  "GlobalConfiguration": {}
}